/* Integrantes 
Mateus Mendes - RM95138
Claudio Yamashiro - RM92798
Luca Katsumata - RM93618
Adolfo Kentaro - RM95484
Matheus Campolongo - RM94250
*/

-- Populando os usuários
INSERT INTO T_MTP_USUARIO (NM_NOME, NM_SOBRENOME, DS_EMAIL, DS_SENHA, NR_TELEFONE, DT_NASCIMENTO) VALUES('LUCA', 'SPILLER', 'LUCA@GMAIL.COM', 12345, 11989765432, TO_DATE('08/10/2003', 'DD/MM/YYYY'));
INSERT INTO T_MTP_USUARIO (NM_NOME, NM_SOBRENOME, DS_EMAIL, DS_SENHA, NR_TELEFONE, DT_NASCIMENTO) VALUES('CLAUDIO', 'YAMASHIRO', 'CLAUDIO@GMAIL.COM', 67890, 11998877665, TO_DATE('09/12/1990', 'DD/MM/YYYY'));
INSERT INTO T_MTP_USUARIO (NM_NOME, NM_SOBRENOME, DS_EMAIL, DS_SENHA, NR_TELEFONE, DT_NASCIMENTO) VALUES('ADOLFO', 'KENTARO', 'ZYZZ@GMAIL.COM', 09876, 11973647652, TO_DATE('10/05/2003', 'DD/MM/YYYY'));
INSERT INTO T_MTP_USUARIO (NM_NOME, NM_SOBRENOME, DS_EMAIL, DS_SENHA, NR_TELEFONE, DT_NASCIMENTO) VALUES('MATEUS', 'MENDES', 'MATEUS@GMAIL.COM', 87645, 11923456736, TO_DATE('25/03/2004', 'DD/MM/YYYY'));
INSERT INTO T_MTP_USUARIO (NM_NOME, NM_SOBRENOME, DS_EMAIL, DS_SENHA, NR_TELEFONE, DT_NASCIMENTO) VALUES('MATHEUS', 'GOMES', 'MATHEUS@GMAIL.COM', 67834, 11978476354, TO_DATE('23/02/2002', 'DD/MM/YYYY'));
INSERT INTO T_MTP_USUARIO (NM_NOME, NM_SOBRENOME, DS_EMAIL, DS_SENHA, NR_TELEFONE, DT_NASCIMENTO) VALUES('LUCCA', 'KATSUMATA', 'LUCCA@GMAIL.COM', 18267, 11971625645, TO_DATE('10/10/2002', 'DD/MM/YYYY'));
INSERT INTO T_MTP_USUARIO (NM_NOME, NM_SOBRENOME, DS_EMAIL, DS_SENHA, NR_TELEFONE, DT_NASCIMENTO) VALUES('CLAUDIA', 'YAMAMOTO', 'CLAUDIA@GMAIL.COM', 91783, 11945325432, TO_DATE('19/01/1997', 'DD/MM/YYYY'));
INSERT INTO T_MTP_USUARIO (NM_NOME, NM_SOBRENOME, DS_EMAIL, DS_SENHA, NR_TELEFONE, DT_NASCIMENTO) VALUES('AMANDA', 'SILVA', 'AMANDA@GMAIL.COM', 17823, 11971652645, TO_DATE('12/08/2003', 'DD/MM/YYYY'));
INSERT INTO T_MTP_USUARIO (NM_NOME, NM_SOBRENOME, DS_EMAIL, DS_SENHA, NR_TELEFONE, DT_NASCIMENTO) VALUES('MATIAS', 'DI SOUZA', 'MATIAS@GMAIL.COM', 98264, 11967254352, TO_DATE('20/02/2000', 'DD/MM/YYYY'));
INSERT INTO T_MTP_USUARIO (NM_NOME, NM_SOBRENOME, DS_EMAIL, DS_SENHA, NR_TELEFONE, DT_NASCIMENTO) VALUES('MARCELA',	'MARIA', 'MARCELA@GMAIL.COM',	10928, 11964537119, TO_DATE('02/10/2001', 'DD/MM/YYYY'));
COMMIT;

-- Populando locadora
INSERT INTO T_MTP_LOCADORA (NM_LOCADORA, NR_CNPJ) VALUES ('UNIDAS', 14437534000130);
INSERT INTO T_MTP_LOCADORA (NM_LOCADORA, NR_CNPJ) VALUES ('LOCALIZA', 26670085000155);
INSERT INTO T_MTP_LOCADORA (NM_LOCADORA, NR_CNPJ) VALUES ('MOVIDA',  19187283670001);
INSERT INTO T_MTP_LOCADORA (NM_LOCADORA, NR_CNPJ) VALUES ('MOTTU',  35237331000124);
INSERT INTO T_MTP_LOCADORA (NM_LOCADORA, NR_CNPJ) VALUES ('YELLOW',  28690491000169);
COMMIT;

-- Populando carro
INSERT INTO T_MTP_CARRO (CD_LOCADORA, NM_CARRO, VL_VALOR_DIARIO, ST_STATUS) VALUES (1, 'CIVIC', 500, 1);
INSERT INTO T_MTP_CARRO (CD_LOCADORA, NM_CARRO, VL_VALOR_DIARIO, ST_STATUS) VALUES (2, 'FIT', 350, 1);
INSERT INTO T_MTP_CARRO (CD_LOCADORA, NM_CARRO, VL_VALOR_DIARIO, ST_STATUS) VALUES (3, 'LOGAN', 200, 1);
COMMIT;


-- Populando moto
INSERT INTO T_MTP_MOTO (CD_LOCADORA, NM_MOTO, VL_VALOR_DIARIO, ST_STATUS) VALUES (4, 'TENERÉ', 220, 1);
INSERT INTO T_MTP_MOTO (CD_LOCADORA, NM_MOTO, VL_VALOR_DIARIO, ST_STATUS) VALUES (4, 'NINJA', 150, 1);
INSERT INTO T_MTP_MOTO (CD_LOCADORA, NM_MOTO, VL_VALOR_DIARIO, ST_STATUS) VALUES (4, 'Z750', 200, 1);
COMMIT;

-- Populando bicicleta  
INSERT INTO T_MTP_BICICLETA (CD_LOCADORA, VL_VALOR_HORA, ST_STATUS) VALUES (5, 50, 1);
INSERT INTO T_MTP_BICICLETA (CD_LOCADORA, VL_VALOR_HORA, ST_STATUS) VALUES (5, 50, 1);
INSERT INTO T_MTP_BICICLETA (CD_LOCADORA, VL_VALOR_HORA, ST_STATUS) VALUES (5, 50, 1);
COMMIT;

-- Populando patinete
INSERT INTO T_MTP_PATINETE (CD_LOCADORA, VL_VALOR_HORA, ST_STATUS) VALUES (5, 30, 1);
INSERT INTO T_MTP_PATINETE (CD_LOCADORA, VL_VALOR_HORA, ST_STATUS) VALUES (5, 30, 1);
INSERT INTO T_MTP_PATINETE (CD_LOCADORA, VL_VALOR_HORA, ST_STATUS) VALUES (5, 30, 1);
COMMIT;


-- Populando historico de veiculo(associativa)
INSERT INTO T_MTP_HIST_VEICULO (CD_USUARIO) VALUES (1);
INSERT INTO T_MTP_HIST_VEICULO (CD_USUARIO) VALUES (2);
INSERT INTO T_MTP_HIST_VEICULO (CD_USUARIO) VALUES (3);
INSERT INTO T_MTP_HIST_VEICULO (CD_USUARIO) VALUES (4);
INSERT INTO T_MTP_HIST_VEICULO (CD_USUARIO) VALUES (5);
COMMIT;

-- Populando as associativas
--HIstorico carro
INSERT INTO T_MTP_HIST_CARRO (CD_USUARIO, CD_CARRO, CD_HIST_VEICULO, DT_ALUGUEL, HR_ALUGUEL) VALUES (1, 1, 1, TO_DATE('11/11/2022', 'DD/MM/YYYY'), 9);
INSERT INTO T_MTP_HIST_CARRO (CD_USUARIO, CD_CARRO, CD_HIST_VEICULO, DT_ALUGUEL, HR_ALUGUEL) VALUES (2, 2, 2, TO_DATE('11/11/2022', 'DD/MM/YYYY'), 48);
INSERT INTO T_MTP_HIST_CARRO (CD_USUARIO, CD_CARRO, CD_HIST_VEICULO, DT_ALUGUEL, HR_ALUGUEL) VALUES (3, 3, 3, TO_DATE('11/11/2022', 'DD/MM/YYYY'), 7);
COMMIT;

--Historico moto 
INSERT INTO T_MTP_HIST_MOTO (CD_USUARIO, CD_MOTO, CD_HIST_VEICULO, DT_ALUGUEL, HR_ALUGUEL) VALUES (1, 1, 1, TO_DATE('11/11/2022', 'DD/MM/YYYY'), 10);
INSERT INTO T_MTP_HIST_MOTO (CD_USUARIO, CD_MOTO, CD_HIST_VEICULO, DT_ALUGUEL, HR_ALUGUEL) VALUES (2, 2, 2, TO_DATE('12/11/2022', 'DD/MM/YYYY'), 13);
INSERT INTO T_MTP_HIST_MOTO (CD_USUARIO, CD_MOTO, CD_HIST_VEICULO, DT_ALUGUEL, HR_ALUGUEL) VALUES (3, 3, 3, TO_DATE('13/11/2022', 'DD/MM/YYYY'), 72);
COMMIT;

--Historico bicicleta
INSERT INTO T_MTP_HIST_BICICLETA (CD_USUARIO, CD_BICICLETA, CD_HIST_VEICULO, DT_ALUGUEL, HR_ALUGUEL) VALUES (1, 1, 1, TO_DATE('11/11/2022', 'DD/MM/YYYY'), 5);
INSERT INTO T_MTP_HIST_BICICLETA (CD_USUARIO, CD_BICICLETA, CD_HIST_VEICULO, DT_ALUGUEL, HR_ALUGUEL) VALUES (2, 2, 2, TO_DATE('12/11/2022', 'DD/MM/YYYY'), 3);
INSERT INTO T_MTP_HIST_BICICLETA (CD_USUARIO, CD_BICICLETA, CD_HIST_VEICULO, DT_ALUGUEL, HR_ALUGUEL) VALUES (3, 3, 3, TO_DATE('13/11/2022', 'DD/MM/YYYY'), 10);
COMMIT;

--histórico patinete
INSERT INTO T_MTP_HIST_PATINETE (CD_USUARIO, CD_PATINETE, CD_HIST_VEICULO, DT_ALUGUEL, HR_ALUGUEL) VALUES (1, 1, 1, TO_DATE('11/11/2022', 'DD/MM/YYYY'), 2);
INSERT INTO T_MTP_HIST_PATINETE (CD_USUARIO, CD_PATINETE, CD_HIST_VEICULO, DT_ALUGUEL, HR_ALUGUEL) VALUES (2, 2, 2, TO_DATE('12/11/2022', 'DD/MM/YYYY'), 12);
INSERT INTO T_MTP_HIST_PATINETE (CD_USUARIO, CD_PATINETE, CD_HIST_VEICULO, DT_ALUGUEL, HR_ALUGUEL) VALUES (3, 3, 3, TO_DATE('13/11/2022', 'DD/MM/YYYY'), 8);
COMMIT;

-- ESTABELECIMENTOS

-- Populando os bancos
INSERT INTO T_MTP_BANCO (NM_BANCO, NM_RUA, NM_BAIRRO, NM_CIDADE, NR_NUMERO, NR_CEP, ST_STATUS, NR_CNPJ) VALUES('BANCO DO BRASIL ESTILO', 'AVENIDA PAULISTA', 'BELA VISTA', 'SÃO PAULO', 1496, 01310100, 1, 11091092171202);
INSERT INTO T_MTP_BANCO (NM_BANCO, NM_RUA, NM_BAIRRO, NM_CIDADE, NR_NUMERO, NR_CEP, ST_STATUS, NR_CNPJ) VALUES('ITAÚ', 'RUA PAMPLONA', 'JARDIM PAULISTA', 'SÃO PAULO', 1109, 01405001, 1, 60701190028025);
INSERT INTO T_MTP_BANCO (NM_BANCO, NM_RUA, NM_BAIRRO, NM_CIDADE, NR_NUMERO, NR_CEP, ST_STATUS, NR_CNPJ) VALUES('BCN', 'AVENIDA PAULISTA', 'CERQUEIRA CÉSAR', 'SÃO PAULO', 967, 01311000, 1, 60898723009202);
COMMIT;

-- Populando os restaurantes
INSERT INTO T_MTP_RESTAURANTE (NM_RESTAURANTE, NR_QUANT_ESTRELA, NR_TELEFONE, NM_RUA, NM_BAIRRO, NM_CIDADE, NR_NUMERO, NR_CEP, ST_STATUS, NR_CNPJ) VALUES('MÉQUI 1000', 4, 11933720360, 'AVENIDA PAULISTA', 'BELA VISTA', 'SÃO PAULO', 1811, 01311200, 1, 42591651000143);
INSERT INTO T_MTP_RESTAURANTE (NM_RESTAURANTE, NR_QUANT_ESTRELA, NR_TELEFONE, NM_RUA, NM_BAIRRO, NM_CIDADE, NR_NUMERO, NR_CEP, ST_STATUS, NR_CNPJ) VALUES('BOVINU´S FAST GRILL', 4, 1132847756, 'AVENIDA PAULISTA', 'BELA VISTA', 'SÃO PAULO', 735, 01310000, 1, 12646269000129);
INSERT INTO T_MTP_RESTAURANTE (NM_RESTAURANTE, NR_QUANT_ESTRELA, NR_TELEFONE, NM_RUA, NM_BAIRRO, NM_CIDADE, NR_NUMERO, NR_CEP, ST_STATUS, NR_CNPJ) VALUES('CAFÉ CREME', 4, 1132899637, 'AVENIDA PAULISTA', 'BELA VISTA', 'SÃO PAULO', 807, 01311100, 1, 10910604000129);
COMMIT;

-- Populando os hospitais
INSERT INTO T_MTP_HOSPITAL (NM_HOSPITAL, NR_TELEFONE, NM_RUA, NM_BAIRRO, NM_CIDADE, NR_NUMERO, NR_CEP, NR_CNPJ) VALUES ('HOSPITAL SANTA CATARINA',  1130164133, 'AVENIDA PAULISTA', 'BELA VISTA', 'SÃO PAULO', 200, 01310000, 60922168000186);
INSERT INTO T_MTP_HOSPITAL (NM_HOSPITAL, NR_TELEFONE, NM_RUA, NM_BAIRRO, NM_CIDADE, NR_NUMERO, NR_CEP, NR_CNPJ) VALUES ('HOSPITAL 9 DE JULHO', 1131479999, 'RUA PEIXOTO GOMIDE', 'CERQUEIRA CÉSAR', 'SÃO PAULO', 545, 01409002, 60884855000316);
INSERT INTO T_MTP_HOSPITAL (NM_HOSPITAL, NR_TELEFONE, NM_RUA, NM_BAIRRO, NM_CIDADE, NR_NUMERO, NR_CEP, NR_CNPJ) VALUES ('IFOR', 11982786523, 'MURILO FREITAS', 'BELA VISTA', 'SÃO PAULO', 2298, 09187267, 29187286350001);
COMMIT;

-- Populando os postos de combustíveis
INSERT INTO T_MTP_POSTO_COMBUSTIVEL (NM_POSTO_COMBUSTIVEL, NM_RUA, NM_BAIRRO, NM_CIDADE, NR_NUMERO, NR_CEP, ST_STATUS, NR_CNPJ) VALUES ('CARBOROIL', 'AVENIDA CARIOCA', 'VILA CARIOCA', 'SÃO PAULO', 306, 04225000, 1, 61881611000180);
INSERT INTO T_MTP_POSTO_COMBUSTIVEL (NM_POSTO_COMBUSTIVEL, NM_RUA, NM_BAIRRO, NM_CIDADE, NR_NUMERO, NR_CEP, ST_STATUS, NR_CNPJ) VALUES ('POSTO SHELL', 'RUA TREZE DE MAIO', 'BELA VISTA', 'SÃO PAULO', 1888, 01327002, 1, 10456016000167);
INSERT INTO T_MTP_POSTO_COMBUSTIVEL (NM_POSTO_COMBUSTIVEL, NM_RUA, NM_BAIRRO, NM_CIDADE, NR_NUMERO, NR_CEP, ST_STATUS, NR_CNPJ) VALUES ('POSTO IPIRANGA', 'RUA GUARARÁ', 'JARDIM PAULISTA', 'SÃO PAULO', 417,  01425001, 1, 33337122000127);
COMMIT;

-- Populando postos elétricos
INSERT INTO T_MTP_POSTO_ELETRICO (NM_POSTO_ELETRICO, NM_RUA, NM_BAIRRO, NM_CIDADE, NR_NUMERO, NR_CEP, NR_CNPJ) VALUES ('RECARGA PARA CARROS ELÉTRICOS', 'AVENIDA DOS BANDEIRANTES','PLANALTO PAULISTA', 'SÃO PAULO', 3245, 04071010, 09187287360001);
INSERT INTO T_MTP_POSTO_ELETRICO (NM_POSTO_ELETRICO, NM_RUA, NM_BAIRRO, NM_CIDADE, NR_NUMERO, NR_CEP, NR_CNPJ) VALUES ('ELETROPOSTO SHOPPING CIDADE SÃO PAULO', 'AVENIDA PAULISTA', 'BELA VISTA', 'SÃO PAULO', 1230 , 01310100, 09182736450001);
INSERT INTO T_MTP_POSTO_ELETRICO (NM_POSTO_ELETRICO, NM_RUA, NM_BAIRRO, NM_CIDADE, NR_NUMERO, NR_CEP, NR_CNPJ) VALUES ('ELETROPOSTO VOLVO', 'AVENIDA PAULISTA', 'BELA VISTA', 'SÃO PAULO', 500, 01310000, 09098716340001);
INSERT INTO T_MTP_POSTO_ELETRICO (NM_POSTO_ELETRICO, NM_RUA, NM_BAIRRO, NM_CIDADE, NR_NUMERO, NR_CEP, NR_CNPJ) VALUES ('ELETROPOSTO VOLVO', 'AVENIDA PAULISTA', 'JARDIM PAULISTA', 'SÃO PAULO', 1159, 01311200, 09167625640001);
INSERT INTO T_MTP_POSTO_ELETRICO (NM_POSTO_ELETRICO, NM_RUA, NM_BAIRRO, NM_CIDADE, NR_NUMERO, NR_CEP, NR_CNPJ) VALUES ('POSTO DE RECARGA CARRO ELÉTRICO', 'RUA CABO VERDE', 'VILA OLIMPIA', 'SÃO PAULO', 406, 04553010, 09187267360001);
INSERT INTO T_MTP_POSTO_ELETRICO (NM_POSTO_ELETRICO, NM_RUA, NM_BAIRRO, NM_CIDADE, NR_NUMERO, NR_CEP, NR_CNPJ) VALUES ('ELETROPOSTO PESTANA', 'RUA TUTÓIA','PARAÍSO', 'SÃO PAULO', 77, 04007000, 19187287360001);
INSERT INTO T_MTP_POSTO_ELETRICO (NM_POSTO_ELETRICO, NM_RUA, NM_BAIRRO, NM_CIDADE, NR_NUMERO, NR_CEP, NR_CNPJ) VALUES ('ELETROPOSTO VOLVO', 'AVENIDA PAULISTA', 'BELA VISTA', 'SÃO PAULO', 1374, 01310100, 29182736450001);
INSERT INTO T_MTP_POSTO_ELETRICO (NM_POSTO_ELETRICO, NM_RUA, NM_BAIRRO, NM_CIDADE, NR_NUMERO, NR_CEP, NR_CNPJ) VALUES ('ELETROPOSTO COLÉGIO SÃO LUIZ', 'AVENIDA PAULISTA', 'SANTANA', 'SÃO PAULO', 2300,  01310300, 39098716340001);
INSERT INTO T_MTP_POSTO_ELETRICO (NM_POSTO_ELETRICO, NM_RUA, NM_BAIRRO, NM_CIDADE, NR_NUMERO, NR_CEP, NR_CNPJ) VALUES ('ELETROPOSTO VOLVO', 'RUA ABÍLIO SOARES', 'PARAÍSO', 'SÃO PAULO', 386, 04005001, 49167625640001);
INSERT INTO T_MTP_POSTO_ELETRICO (NM_POSTO_ELETRICO, NM_RUA, NM_BAIRRO, NM_CIDADE, NR_NUMERO, NR_CEP, NR_CNPJ) VALUES ('ELETROPOSTO EDIFÍCIO KING', 'AVENIDA PAULISTA', 'JARDINS', 'SÃO PAULO', 777, 01311100, 19187267360001);
COMMIT;

-- Populando histórico de estabelecimentos
INSERT INTO T_MTP_HIST_ESTABELECIMENTO (CD_USUARIO) VALUES (1);
INSERT INTO T_MTP_HIST_ESTABELECIMENTO (CD_USUARIO) VALUES (2);
INSERT INTO T_MTP_HIST_ESTABELECIMENTO (CD_USUARIO) VALUES (3);
INSERT INTO T_MTP_HIST_ESTABELECIMENTO (CD_USUARIO) VALUES (4);
INSERT INTO T_MTP_HIST_ESTABELECIMENTO (CD_USUARIO) VALUES (5);
INSERT INTO T_MTP_HIST_ESTABELECIMENTO (CD_USUARIO) VALUES (6);
INSERT INTO T_MTP_HIST_ESTABELECIMENTO (CD_USUARIO) VALUES (7);
INSERT INTO T_MTP_HIST_ESTABELECIMENTO (CD_USUARIO) VALUES (8);
INSERT INTO T_MTP_HIST_ESTABELECIMENTO (CD_USUARIO) VALUES (9);
INSERT INTO T_MTP_HIST_ESTABELECIMENTO (CD_USUARIO) VALUES (10);
COMMIT;

-- associativas de estabelecimentos(historicos)

-- historico de banco 
INSERT INTO T_MTP_HIST_BANCO (CD_BANCO, CD_HIST_ESTAB, CD_USUARIO) VALUES (1, 1, 1);
INSERT INTO T_MTP_HIST_BANCO (CD_BANCO, CD_HIST_ESTAB, CD_USUARIO) VALUES (2, 2, 2);
INSERT INTO T_MTP_HIST_BANCO (CD_BANCO, CD_HIST_ESTAB, CD_USUARIO) VALUES (3, 3, 3);
INSERT INTO T_MTP_HIST_BANCO (CD_BANCO, CD_HIST_ESTAB, CD_USUARIO) VALUES (1, 4, 4);
INSERT INTO T_MTP_HIST_BANCO (CD_BANCO, CD_HIST_ESTAB, CD_USUARIO) VALUES (2, 5, 5);
COMMIT;

-- historico de restaurantes
INSERT INTO T_MTP_HIST_REST (CD_REST, CD_HIST_ESTAB, CD_USUARIO) VALUES (1, 1, 1);
INSERT INTO T_MTP_HIST_REST (CD_REST, CD_HIST_ESTAB, CD_USUARIO) VALUES (2, 2, 2);
INSERT INTO T_MTP_HIST_REST (CD_REST, CD_HIST_ESTAB, CD_USUARIO) VALUES (3, 3, 3);
INSERT INTO T_MTP_HIST_REST (CD_REST, CD_HIST_ESTAB, CD_USUARIO) VALUES (1, 4, 4);
INSERT INTO T_MTP_HIST_REST (CD_REST, CD_HIST_ESTAB, CD_USUARIO) VALUES (2, 5, 5);
COMMIT;

-- historico de hospital
INSERT INTO T_MTP_HIST_HOSPITAL (CD_HOSPITAL, CD_HIST_ESTAB, CD_USUARIO) VALUES (1, 1, 1);
INSERT INTO T_MTP_HIST_HOSPITAL (CD_HOSPITAL, CD_HIST_ESTAB, CD_USUARIO) VALUES (2, 2, 2);
INSERT INTO T_MTP_HIST_HOSPITAL (CD_HOSPITAL, CD_HIST_ESTAB, CD_USUARIO) VALUES (3, 3, 3);
INSERT INTO T_MTP_HIST_HOSPITAL (CD_HOSPITAL, CD_HIST_ESTAB, CD_USUARIO) VALUES (1, 4, 4);
INSERT INTO T_MTP_HIST_HOSPITAL (CD_HOSPITAL, CD_HIST_ESTAB, CD_USUARIO) VALUES (2, 5, 5);
COMMIT;

-- populando posto de combustivel
INSERT INTO T_MTP_HIST_POSTO_COMB (CD_POSTO_COMB, CD_HIST_ESTAB, CD_USUARIO) VALUES (1, 1, 1);
INSERT INTO T_MTP_HIST_POSTO_COMB (CD_POSTO_COMB, CD_HIST_ESTAB, CD_USUARIO) VALUES (2, 2, 2);
INSERT INTO T_MTP_HIST_POSTO_COMB (CD_POSTO_COMB, CD_HIST_ESTAB, CD_USUARIO) VALUES (3, 3, 3);
INSERT INTO T_MTP_HIST_POSTO_COMB (CD_POSTO_COMB, CD_HIST_ESTAB, CD_USUARIO) VALUES (1, 4, 4);
INSERT INTO T_MTP_HIST_POSTO_COMB (CD_POSTO_COMB, CD_HIST_ESTAB, CD_USUARIO) VALUES (2, 5, 5);
COMMIT;

-- Populando histórico de postos elétricos
INSERT INTO T_MTP_HIST_POSTO_ELETRICO (CD_POSTO_ELETRICO, CD_HIST_ESTAB, CD_USUARIO) VALUES (1, 1, 1);
INSERT INTO T_MTP_HIST_POSTO_ELETRICO (CD_POSTO_ELETRICO, CD_HIST_ESTAB, CD_USUARIO) VALUES (8, 1, 1);
INSERT INTO T_MTP_HIST_POSTO_ELETRICO (CD_POSTO_ELETRICO, CD_HIST_ESTAB, CD_USUARIO) VALUES (2, 2, 2);
INSERT INTO T_MTP_HIST_POSTO_ELETRICO (CD_POSTO_ELETRICO, CD_HIST_ESTAB, CD_USUARIO) VALUES (3, 3, 3);
INSERT INTO T_MTP_HIST_POSTO_ELETRICO (CD_POSTO_ELETRICO, CD_HIST_ESTAB, CD_USUARIO) VALUES (4, 4, 4);
INSERT INTO T_MTP_HIST_POSTO_ELETRICO (CD_POSTO_ELETRICO, CD_HIST_ESTAB, CD_USUARIO) VALUES (5, 5, 5);
INSERT INTO T_MTP_HIST_POSTO_ELETRICO (CD_POSTO_ELETRICO, CD_HIST_ESTAB, CD_USUARIO) VALUES (6, 6, 6);
INSERT INTO T_MTP_HIST_POSTO_ELETRICO (CD_POSTO_ELETRICO, CD_HIST_ESTAB, CD_USUARIO) VALUES (7, 7, 7);
INSERT INTO T_MTP_HIST_POSTO_ELETRICO (CD_POSTO_ELETRICO, CD_HIST_ESTAB, CD_USUARIO) VALUES (8, 8, 8);
INSERT INTO T_MTP_HIST_POSTO_ELETRICO (CD_POSTO_ELETRICO, CD_HIST_ESTAB, CD_USUARIO) VALUES (9, 9, 9);
INSERT INTO T_MTP_HIST_POSTO_ELETRICO (CD_POSTO_ELETRICO, CD_HIST_ESTAB, CD_USUARIO) VALUES (10, 10, 10);
INSERT INTO T_MTP_HIST_POSTO_ELETRICO (CD_POSTO_ELETRICO, CD_HIST_ESTAB, CD_USUARIO) VALUES (1, 1, 1);
INSERT INTO T_MTP_HIST_POSTO_ELETRICO (CD_POSTO_ELETRICO, CD_HIST_ESTAB, CD_USUARIO) VALUES (4, 2, 2);
INSERT INTO T_MTP_HIST_POSTO_ELETRICO (CD_POSTO_ELETRICO, CD_HIST_ESTAB, CD_USUARIO) VALUES (5, 3, 3);
INSERT INTO T_MTP_HIST_POSTO_ELETRICO (CD_POSTO_ELETRICO, CD_HIST_ESTAB, CD_USUARIO) VALUES (3, 4, 4);
INSERT INTO T_MTP_HIST_POSTO_ELETRICO (CD_POSTO_ELETRICO, CD_HIST_ESTAB, CD_USUARIO) VALUES (2, 5, 5);
INSERT INTO T_MTP_HIST_POSTO_ELETRICO (CD_POSTO_ELETRICO, CD_HIST_ESTAB, CD_USUARIO) VALUES (6, 6, 6);
INSERT INTO T_MTP_HIST_POSTO_ELETRICO (CD_POSTO_ELETRICO, CD_HIST_ESTAB, CD_USUARIO) VALUES (7, 7, 7);
INSERT INTO T_MTP_HIST_POSTO_ELETRICO (CD_POSTO_ELETRICO, CD_HIST_ESTAB, CD_USUARIO) VALUES (8, 8, 8);
INSERT INTO T_MTP_HIST_POSTO_ELETRICO (CD_POSTO_ELETRICO, CD_HIST_ESTAB, CD_USUARIO) VALUES (9, 9, 9);
INSERT INTO T_MTP_HIST_POSTO_ELETRICO (CD_POSTO_ELETRICO, CD_HIST_ESTAB, CD_USUARIO) VALUES (10, 10, 10);
COMMIT;

